{
    "best_r2": 0.4119480970277615,
    "best_mse": 99.17150060748075
}