{
    "FE2097": {
        "FE2097": 0.0,
        "FE2095": 5.9220792229232275,
        "FF2025": 79.10263532352535,
        "FF2031": 82.07293820983698,
        "FG2057": 172.40202718927026,
        "FG2043": 209.46249261288966,
        "FG2037": 189.81682972752293,
        "FG2085": 218.39125668171204,
        "FG2041": 205.82618206561477,
        "FG2035": 192.99455701176575,
        "FG2089": 221.57717862514616,
        "FG2055": 174.8394008503688,
        "JT1": 236.52228180029059,
        "JT2": 199.13821357049972,
        "JT3": 225.89301321114021,
        "JT4": 104.69790012799848,
        "JT5": 68.79678697899934
    },
    "FE2095": {
        "FE2097": 5.9220792229232275,
        "FE2095": 0.0,
        "FF2025": 75.55399225626422,
        "FF2031": 78.35344189117818,
        "FG2057": 170.20080775888906,
        "FG2043": 206.7918447201652,
        "FG2037": 184.4468861884547,
        "FG2085": 213.30451011762483,
        "FG2041": 203.29559276123265,
        "FG2035": 187.60975943659386,
        "FG2089": 216.5429348884909,
        "FG2055": 172.52007517154559,
        "JT1": 231.31685635220134,
        "JT2": 193.49619966676767,
        "JT3": 223.67189318425756,
        "JT4": 101.22952642032045,
        "JT5": 64.91868015480927
    },
    "FF2025": {
        "FE2097": 79.10263532352535,
        "FE2095": 75.55399225626422,
        "FF2025": 0.0,
        "FF2031": 4.075322055536918,
        "FG2057": 98.67696966959636,
        "FG2043": 132.68302972509503,
        "FG2037": 124.51795535595366,
        "FG2085": 147.33092208849922,
        "FG2041": 129.7363512368712,
        "FG2035": 127.87995785312798,
        "FG2089": 149.76220167684804,
        "FG2055": 100.29238169757876,
        "JT1": 166.84113043559572,
        "JT2": 140.71353400465145,
        "JT3": 151.33397136673955,
        "JT4": 25.688458439638808,
        "JT5": 112.36975997558847
    },
    "FF2031": {
        "FE2097": 82.07293820983698,
        "FE2095": 78.35344189117818,
        "FF2025": 4.075322055536918,
        "FF2031": 0.0,
        "FG2057": 97.53887654479799,
        "FG2043": 130.80498676755153,
        "FG2037": 120.44288206151613,
        "FG2085": 143.34786265249602,
        "FG2041": 128.0220353663573,
        "FG2035": 123.8048307505973,
        "FG2089": 145.80586477656013,
        "FG2055": 98.9913942599967,
        "JT1": 162.83031847867846,
        "JT2": 136.68046736299067,
        "JT3": 149.87041478768157,
        "JT4": 23.268926713962763,
        "JT5": 113.0468307924161
    },
    "FG2057": {
        "FE2097": 172.40202718927026,
        "FE2095": 170.20080775888906,
        "FF2025": 98.67696966959636,
        "FF2031": 97.53887654479799,
        "FG2057": 0.0,
        "FG2043": 40.325457761167044,
        "FG2037": 132.8791400955227,
        "FG2085": 131.0305809333895,
        "FG2041": 35.148559185476785,
        "FG2035": 135.3900494353714,
        "FG2089": 130.08708647900718,
        "FG2055": 4.416848487143814,
        "JT1": 149.66722339918908,
        "JT2": 158.39494295642317,
        "JT3": 53.490999525272684,
        "JT4": 75.65687753044442,
        "JT5": 210.42517704709311
    },
    "FG2043": {
        "FE2097": 209.46249261288966,
        "FE2095": 206.7918447201652,
        "FF2025": 132.68302972509503,
        "FF2031": 130.80498676755153,
        "FG2057": 40.325457761167044,
        "FG2043": 0.0,
        "FG2037": 131.02344644550772,
        "FG2085": 118.48677308289255,
        "FG2041": 6.497955270453536,
        "FG2035": 132.74865461004825,
        "FG2089": 116.12318339897959,
        "FG2055": 36.6273089279095,
        "JT1": 134.14865926928715,
        "JT2": 156.7826502254451,
        "JT3": 24.546798865349786,
        "JT4": 107.6822632637656,
        "JT5": 241.47119868115212
    },
    "FG2037": {
        "FE2097": 189.81682972752293,
        "FE2095": 184.4468861884547,
        "FF2025": 124.51795535595366,
        "FF2031": 120.44288206151613,
        "FG2057": 132.8791400955227,
        "FG2043": 131.02344644550772,
        "FG2037": 0.0,
        "FG2085": 35.31681698306439,
        "FG2041": 134.20881729142783,
        "FG2035": 3.3656566072187135,
        "FG2089": 40.04005323928925,
        "FG2055": 129.91999390554489,
        "JT1": 48.542599774887655,
        "JT2": 25.906075547832376,
        "JT3": 155.08244258083545,
        "JT4": 109.47617351953556,
        "JT5": 180.52138933803502
    },
    "FG2085": {
        "FE2097": 218.39125668171204,
        "FE2095": 213.30451011762483,
        "FF2025": 147.33092208849922,
        "FF2031": 143.34786265249602,
        "FG2057": 131.0305809333895,
        "FG2043": 118.48677308289255,
        "FG2037": 35.31681698306439,
        "FG2085": 0.0,
        "FG2041": 123.03815380600105,
        "FG2035": 33.67659064979074,
        "FG2089": 4.908552097571947,
        "FG2055": 127.3007061905473,
        "JT1": 20.235940026220852,
        "JT2": 50.892793779810575,
        "JT3": 140.6857152860998,
        "JT4": 127.99974914841395,
        "JT5": 214.41998829975364
    },
    "FG2041": {
        "FE2097": 205.82618206561477,
        "FE2095": 203.29559276123265,
        "FF2025": 129.7363512368712,
        "FF2031": 128.0220353663573,
        "FG2057": 35.148559185476785,
        "FG2043": 6.497955270453536,
        "FG2037": 134.20881729142783,
        "FG2085": 123.03815380600105,
        "FG2041": 0.0,
        "FG2035": 136.05432474316152,
        "FG2089": 120.84007239693206,
        "FG2055": 31.751621228773853,
        "JT1": 139.13072691167065,
        "JT2": 160.055676461601,
        "JT3": 23.635742806435,
        "JT4": 105.05977413348091,
        "JT5": 239.4122041060813
    },
    "FG2035": {
        "FE2097": 192.99455701176575,
        "FE2095": 187.60975943659386,
        "FF2025": 127.87995785312798,
        "FF2031": 123.8048307505973,
        "FG2057": 135.3900494353714,
        "FG2043": 132.74865461004825,
        "FG2037": 3.3656566072187135,
        "FG2085": 33.67659064979074,
        "FG2041": 136.05432474316152,
        "FG2035": 0.0,
        "FG2089": 38.49203791575339,
        "FG2055": 132.37517142876618,
        "JT1": 45.90328924947135,
        "JT2": 24.037135024651132,
        "JT3": 156.70349903739358,
        "JT4": 112.81369264603163,
        "JT5": 183.08904166165482
    },
    "FG2089": {
        "FE2097": 221.57717862514616,
        "FE2095": 216.5429348884909,
        "FF2025": 149.76220167684804,
        "FF2031": 145.80586477656013,
        "FG2057": 130.08708647900718,
        "FG2043": 116.12318339897959,
        "FG2037": 40.04005323928925,
        "FG2085": 4.908552097571947,
        "FG2041": 120.84007239693206,
        "FG2035": 38.49203791575339,
        "FG2089": 0.0,
        "FG2055": 126.27141676126999,
        "JT1": 19.76662004174978,
        "JT2": 55.71267820323203,
        "JT3": 137.96617686825678,
        "JT4": 129.9027454713554,
        "JT5": 218.60901019853455
    },
    "FG2055": {
        "FE2097": 174.8394008503688,
        "FE2095": 172.52007517154559,
        "FF2025": 100.29238169757876,
        "FF2031": 98.9913942599967,
        "FG2057": 4.416848487143814,
        "FG2043": 36.6273089279095,
        "FG2037": 129.91999390554489,
        "FG2085": 127.3007061905473,
        "FG2041": 31.751621228773853,
        "FG2035": 132.37517142876618,
        "FG2089": 126.27141676126999,
        "FG2055": 0.0,
        "JT1": 145.8060750929449,
        "JT2": 155.53258667299687,
        "JT3": 51.230586207697606,
        "JT4": 76.74887349683519,
        "JT5": 211.65350596015912
    },
    "JT1": {
        "FE2097": 236.52228180029059,
        "FE2095": 231.31685635220134,
        "FF2025": 166.84113043559572,
        "FF2031": 162.83031847867846,
        "FG2057": 149.66722339918908,
        "FG2043": 134.14865926928715,
        "FG2037": 48.542599774887655,
        "FG2085": 20.235940026220852,
        "FG2041": 139.13072691167065,
        "FG2035": 45.90328924947135,