{
    "best_r2": 0.46766898493183096,
    "best_mse": 100.24067414341499
}