{
  "timestamp": "2025-09-11T14:25:08",
  "simulation_parameters": {
    "duration_hours": 6.0,
    "crew_count": 8,
    "total_tasks": 57,
    "task_completion_rate": 91.22807017543859
  },
  "kpis": {
    "total_cost": 593.875,
    "avg_response_time": 30.596153846153847,
    "passenger_satisfaction": 92.21153846153847,
    "crew_utilization": 14.285714285714285,
    "emergency_response_time": 28.2,
    "task_completion_rate": 91.22807017543859,
    "overtime_hours": 0.0,
    "cleaning_quality_score": 95.82692307692308,
    "disruption_cost": 12271.906781744618,
    "avg_capacity_reduction": 30.0
  },
  "cost_breakdown": {
    "labor_cost": 311.875,
    "overtime_cost": 0.0,
    "supply_cost": 182.0,
    "emergency_cost": 35.0,
    "restock_cost": 100.0
  },
  "usage_patterns": {
    "peak_usage_time": 3630.0,
    "peak_usage_rate": 0.1555555555555556,
    "avg_usage_rate": 0.02624022633744856,
    "restroom_stress": {
      "max_queues": {
        "R1A": 0.35842292137912835,
        "R1B": 0.354486145131113,
        "R2A": 0.32051281947997534,
        "R2B": 0.32051282046077556,
        "R3A": 0.46677099513405834
      },
      "max_waits": {
        "R1A": 2.72952836694029,
        "R1B": 2.691932154014622,
        "R2A": 1.6025640959079894,
        "R2B": 1.6025641022287118,
        "R3A": 6.723434056191778
      }
    }
  },
  "top_performers": [
    [
      "CREW_008",
      {
        "name": "Henry Cavill",
        "tasks_completed": 8,
        "total_work_time_hours": 2.4166666666666665,
        "avg_task_duration": 18.125,
        "emergency_tasks": 2,
        "efficiency_score": 86.0
      }
    ],
    [
      "CREW_001",
      {
        "name": "Merlin",
        "tasks_completed": 10,
        "total_work_time_hours": 3.0,
        "avg_task_duration": 18.0,
        "emergency_tasks": 2,
        "efficiency_score": 84.0
      }
    ],
    [
      "CREW_005",
      {
        "name": "Harry Potter",
        "tasks_completed": 5,
        "total_work_time_hours": 1.4166666666666667,
        "avg_task_duration": 17.0,
        "emergency_tasks": 1,
        "efficiency_score": 72.0
      }
    ]
  ]
}